"Tabela 8191 - Indicador 3.9.2 - Taxa de mortalidade atribuída a fontes de água inseguras, saneamento inseguro e falta de higiene, por sexo e grupo de idade"
"Variável - Taxa de mortalidade atribuída a fontes de água inadequadas, saneamento inadequado e falta de higiene (Óbitos por 100 mil habitantes)"
"Unidade da Federação";"Grupo de idade";"Ano x Sexo"
"Unidade da Federação";"Grupo de idade";"2016";;;"2017";;;"2018";;;"2019";;;"2020";;;"2021";;;"2022"
"Unidade da Federação";"Grupo de idade";"Total";"Homens";"Mulheres";"Total";"Homens";"Mulheres";"Total";"Homens";"Mulheres";"Total";"Homens";"Mulheres";"Total";"Homens";"Mulheres";"Total";"Homens";"Mulheres";"Total";"Homens";"Mulheres"
"Rio de Janeiro";"Total";"4,7";"4,7";"4,7";"3,8";"3,7";"3,9";"3,6";"3,7";"3,5";"3,6";"3,6";"3,5";"2,9";"3,0";"2,7";"2,6";"2,7";"2,4";"3,0";"2,8";"3,1"
"Rio de Janeiro";"0 a 4 anos";"4,8";"4,9";"4,6";"3,0";"3,5";"2,6";"4,2";"4,5";"3,8";"3,7";"4,7";"2,7";"3,4";"4,2";"2,6";"3,5";"4,2";"2,7";"3,0";"3,3";"2,7"
"Rio de Janeiro";"5 a 9 anos";"0,6";"0,7";"0,4";"0,4";"0,2";"0,6";"0,3";"0,4";"0,2";"0,3";"0,0";"0,6";"0,1";"0,0";"0,2";"0,2";"0,2";"0,2";"0,5";"0,9";"0,2"
"Rio de Janeiro";"10 a 14 anos";"0,4";"0,5";"0,2";"0,2";"0,4";"0,0";"0,2";"0,2";"0,2";"0,2";"0,2";"0,2";"0,3";"0,2";"0,4";"0,1";"0,2";"0,0";"0,4";"0,4";"0,4"
"Rio de Janeiro";"15 a 19 anos";"0,2";"0,3";"0,0";"0,2";"0,3";"0,0";"0,4";"0,5";"0,3";"0,2";"0,0";"0,3";"0,3";"0,2";"0,4";"0,3";"0,4";"0,2";"0,4";"0,4";"0,4"
"Rio de Janeiro";"20 a 24 anos";"0,2";"0,5";"0,0";"0,2";"0,3";"0,2";"0,2";"0,3";"0,2";"0,1";"0,1";"0,0";"0,3";"0,6";"0,0";"0,2";"0,2";"0,2";"0,3";"0,6";"0,0"
"Rio de Janeiro";"25 a 29 anos";"0,2";"0,5";"0,0";"0,3";"0,3";"0,3";"0,2";"0,3";"0,0";"0,4";"0,3";"0,5";"0,2";"0,0";"0,5";"0,2";"0,3";"0,0";"0,2";"0,2";"0,3"
"Rio de Janeiro";"30 a 34 anos";"0,5";"0,6";"0,4";"0,2";"0,2";"0,3";"0,1";"0,2";"0,0";"0,4";"0,5";"0,3";"0,5";"0,8";"0,1";"0,2";"0,0";"0,3";"0,2";"0,3";"0,0"
"Rio de Janeiro";"35 a 39 anos";"0,7";"0,8";"0,6";"0,4";"0,6";"0,3";"0,7";"1,1";"0,4";"0,3";"0,5";"0,1";"0,4";"0,6";"0,1";"0,3";"0,5";"0,1";"0,2";"0,5";"0,0"
"Rio de Janeiro";"40 a 44 anos";"0,6";"0,9";"0,3";"0,6";"0,7";"0,6";"0,9";"1,2";"0,6";"0,4";"0,3";"0,4";"0,3";"0,5";"0,1";"0,5";"0,8";"0,1";"0,3";"0,3";"0,3"
"Rio de Janeiro";"45 a 49 anos";"1,0";"1,5";"0,5";"0,9";"1,1";"0,7";"1,5";"2,2";"0,8";"0,4";"0,6";"0,3";"0,8";"0,9";"0,6";"0,8";"0,7";"1,0";"1,1";"1,0";"1,1"
"Rio de Janeiro";"50 a 54 anos";"1,8";"3,6";"0,3";"1,8";"2,5";"1,2";"0,8";"1,4";"0,3";"1,5";"2,5";"0,7";"1,5";"2,3";"0,9";"1,2";"1,5";"0,8";"1,0";"1,7";"0,3"
"Rio de Janeiro";"55 a 59 anos";"3,4";"5,3";"1,9";"4,0";"5,5";"2,7";"1,9";"3,0";"0,9";"1,8";"2,5";"1,2";"1,3";"1,7";"1,1";"2,0";"1,9";"2,1";"2,0";"1,9";"2,1"
"Rio de Janeiro";"60 anos ou mais";"23,9";"24,6";"23,3";"18,9";"19,6";"18,4";"17,4";"18,8";"16,4";"17,4";"19,3";"16,0";"13,0";"14,8";"11,7";"11,0";"12,7";"9,8";"12,9";"13,0";"12,8"
"Fonte: Fontes: Sistema de Informações sobre Mortalidade (SIM/MS); e Retroprojeção da População 2000/2010 e Projeções da População do Brasil e Unidades da Federação por sexo e idade: 2010-2060 (ano de ref. 2018) (IBGE)."

"Tabela 8191 - Indicador 3.9.2 - Taxa de mortalidade atribuída a fontes de água inseguras, saneamento inseguro e falta de higiene, por sexo e grupo de idade"
"Variável - Óbitos atribuídos a fontes de água inseguras, saneamento inseguro e falta de higiene (Óbitos)"
"Unidade da Federação";"Grupo de idade";"Ano x Sexo"
"Unidade da Federação";"Grupo de idade";"2016";;;"2017";;;"2018";;;"2019";;;"2020";;;"2021";;;"2022"
"Unidade da Federação";"Grupo de idade";"Total";"Homens";"Mulheres";"Total";"Homens";"Mulheres";"Total";"Homens";"Mulheres";"Total";"Homens";"Mulheres";"Total";"Homens";"Mulheres";"Total";"Homens";"Mulheres";"Total";"Homens";"Mulheres"
"Rio de Janeiro";"Total";"789";"377";"412";"650";"302";"347";"618";"304";"314";"615";"300";"315";"497";"252";"245";"447";"224";"222";"521";"237";"284"
"Rio de Janeiro";"0 a 4 anos";"53";"28";"25";"34";"20";"14";"47";"26";"21";"42";"27";"15";"38";"24";"14";"39";"24";"15";"34";"19";"15"
"Rio de Janeiro";"5 a 9 anos";"6";"4";"2";"4";"1";"3";"3";"2";"1";"3";"0";"3";"1";"0";"1";"2";"1";"1";"6";"5";"1"
"Rio de Janeiro";"10 a 14 anos";"4";"3";"1";"2";"2";"0";"2";"1";"1";"2";"1";"1";"3";"1";"2";"1";"1";"0";"4";"2";"2"
"Rio de Janeiro";"15 a 19 anos";"2";"2";"0";"2";"2";"0";"5";"3";"2";"2";"0";"2";"3";"1";"2";"3";"2";"1";"4";"2";"2"
"Rio de Janeiro";"20 a 24 anos";"3";"3";"0";"3";"2";"1";"3";"2";"1";"1";"1";"0";"4";"4";"0";"2";"1";"1";"4";"4";"0"
"Rio de Janeiro";"25 a 29 anos";"3";"3";"0";"4";"2";"2";"2";"2";"0";"5";"2";"3";"3";"0";"3";"2";"2";"0";"3";"1";"2"
"Rio de Janeiro";"30 a 34 anos";"7";"4";"3";"3";"1";"2";"1";"1";"0";"5";"3";"2";"6";"5";"1";"2";"0";"2";"2";"2";"0"
"Rio de Janeiro";"35 a 39 anos";"9";"5";"4";"6";"4";"2";"10";"7";"3";"4";"3";"1";"5";"4";"1";"4";"3";"1";"3";"3";"0"
"Rio de Janeiro";"40 a 44 anos";"7";"5";"2";"8";"4";"4";"11";"7";"4";"5";"2";"3";"4";"3";"1";"6";"5";"1";"4";"2";"2"
"Rio de Janeiro";"45 a 49 anos";"11";"8";"3";"10";"6";"4";"17";"12";"5";"5";"3";"2";"9";"5";"4";"10";"4";"6";"13";"6";"7"
"Rio de Janeiro";"50 a 54 anos";"20";"18";"2";"20";"13";"7";"9";"7";"2";"17";"13";"4";"17";"12";"5";"13";"8";"5";"11";"9";"2"
"Rio de Janeiro";"55 a 59 anos";"34";"24";"10";"40";"25";"15";"19";"14";"5";"19";"12";"7";"14";"8";"6";"21";"9";"12";"21";"9";"12"
"Rio de Janeiro";"60 anos ou mais";"621";"265";"356";"509";"219";"290";"486";"218";"268";"502";"232";"270";"388";"184";"204";"340";"163";"177";"412";"173";"239"
"Fonte: Fontes: Sistema de Informações sobre Mortalidade (SIM/MS); e Retroprojeção da População 2000/2010 e Projeções da População do Brasil e Unidades da Federação por sexo e idade: 2010-2060 (ano de ref. 2018) (IBGE)."

""
"Legenda"
"Símbolo";"Significado"
"-";"Zero absoluto, não resultante de um cálculo ou arredondamento.
Ex: Em determinado município não existem pessoas de 14 anos de idade sem instrução."
"0";"Zero resultante de um cálculo ou arredondamento.
Ex: A inflação do feijão em determinada Região Metropolitana foi 0.
Determinado município produziu 400 kg de sementes de girassol e os dados da tabela são expressos em toneladas."
"X";"Valor inibido para não identificar o informante.
Ex: Determinado município só possui uma empresa produtora de cimento, logo o valor de sua produção deve ser inibido."
"..";"Valor não se aplica.
Ex: Não se pode obter o total da produção agrícola em determinado município quando os produtos agrícolas são contabilizados com unidades de medida distintas."
"...";"Valor não disponível.
Ex: A produção de feijão em determinado município não foi pesquisada ou determinado município não existia no ano da pesquisa."
"A a Z
(exceto X)";"Significa uma faixa de valores. Varia em função da tabela (se for o caso).
Ex: O nível de precisão da produção estimada de combustíveis está na faixa A (95 a 100%)"
